article title,link
Kemendikbud Tak Setuju Jika Sistem Zonasi Dianggap Akar dari Permasalahan di PPDB,https://ussfeed.com/store-terbaru-atmos-hadirkan-otaku-room-yang-jadi-satu-satunya-di-indonesia/pop-culture/
Stanford University Bakal Bangun Sekolah di IKN,https://ussfeed.com/store-terbaru-atmos-hadirkan-otaku-room-yang-jadi-satu-satunya-di-indonesia/pop-culture/
"Krisis Air Bersih Bekasi: Warga Sulit Dapat Pasokan Akibat Tercemar, Kalimalang Jadi Solusi?",https://ussfeed.com/store-terbaru-atmos-hadirkan-otaku-room-yang-jadi-satu-satunya-di-indonesia/pop-culture/
FIFA Bakal Berkantor di Jakarta Untuk Pantau Persiapan Piala Dunia U-17,https://ussfeed.com/store-terbaru-atmos-hadirkan-otaku-room-yang-jadi-satu-satunya-di-indonesia/pop-culture/
"Uji Emisi Jadi Syarat Perpanjang STNK, Jika Gagal Tidak Bisa Perpanjang dan Kena Denda",https://ussfeed.com/store-terbaru-atmos-hadirkan-otaku-room-yang-jadi-satu-satunya-di-indonesia/pop-culture/
Aksi Pencurian Aliran Listrik untuk Tambang Kripto Berimbas pada Listrik Warga Depok,https://ussfeed.com/store-terbaru-atmos-hadirkan-otaku-room-yang-jadi-satu-satunya-di-indonesia/pop-culture/
"Olah Sampah Hewan Jadi Listrik, Taman Margasatwa Ragunan Hasilkan 234Kwh Dalam Sehari",https://ussfeed.com/store-terbaru-atmos-hadirkan-otaku-room-yang-jadi-satu-satunya-di-indonesia/pop-culture/
"Usai Kebakaran Museum Nasional, Barang yang Hangus Mulai Diidentifikasi dan 21 Saksi Diperiksa",https://ussfeed.com/store-terbaru-atmos-hadirkan-otaku-room-yang-jadi-satu-satunya-di-indonesia/pop-culture/
"Virus Nipah Menyebar di India, Tingkat Kematian Capai 75%",https://ussfeed.com/store-terbaru-atmos-hadirkan-otaku-room-yang-jadi-satu-satunya-di-indonesia/pop-culture/
Elon Musk Beri Ide untuk X (Twitter) Kenakan Biaya Tiap Kali Diakses Semua Pengguna,https://ussfeed.com/store-terbaru-atmos-hadirkan-otaku-room-yang-jadi-satu-satunya-di-indonesia/pop-culture/
Uji Coba Taksi Terbang di IKN Bakal Dilakukan Sebelum HUT RI Ke-79,https://ussfeed.com/store-terbaru-atmos-hadirkan-otaku-room-yang-jadi-satu-satunya-di-indonesia/pop-culture/
Wisata Gunung Bromo Kembali Dibuka Mulai 19 September,https://ussfeed.com/store-terbaru-atmos-hadirkan-otaku-room-yang-jadi-satu-satunya-di-indonesia/pop-culture/
Album Baru Kunto Aji: Pengalaman Ekplorasi Musik yang Dipadukan Lirik yang Intim,https://ussfeed.com/store-terbaru-atmos-hadirkan-otaku-room-yang-jadi-satu-satunya-di-indonesia/pop-culture/
Kate Spade Spring 2024: Pesona Musim Semi Manhattan,https://ussfeed.com/store-terbaru-atmos-hadirkan-otaku-room-yang-jadi-satu-satunya-di-indonesia/pop-culture/
"Sandiaga Uno Sebut Muslimah Creative Day 2023, Wujud dari Indonesia Jadi Kiblat Fesyen Dunia",https://ussfeed.com/store-terbaru-atmos-hadirkan-otaku-room-yang-jadi-satu-satunya-di-indonesia/pop-culture/
Staf Kantor Pusat Disney Diminta WFH Usai Dapat Serangan Hama Tikus dan Kutu,https://ussfeed.com/store-terbaru-atmos-hadirkan-otaku-room-yang-jadi-satu-satunya-di-indonesia/pop-culture/
Kemendikbud Tak Setuju Jika Sistem Zonasi Dianggap Akar dari Permasalahan di PPDB,https://ussfeed.com/store-terbaru-atmos-hadirkan-otaku-room-yang-jadi-satu-satunya-di-indonesia/pop-culture/
Stanford University Bakal Bangun Sekolah di IKN,https://ussfeed.com/store-terbaru-atmos-hadirkan-otaku-room-yang-jadi-satu-satunya-di-indonesia/pop-culture/
"Krisis Air Bersih Bekasi: Warga Sulit Dapat Pasokan Akibat Tercemar, Kalimalang Jadi Solusi?",https://ussfeed.com/store-terbaru-atmos-hadirkan-otaku-room-yang-jadi-satu-satunya-di-indonesia/pop-culture/
FIFA Bakal Berkantor di Jakarta Untuk Pantau Persiapan Piala Dunia U-17,https://ussfeed.com/store-terbaru-atmos-hadirkan-otaku-room-yang-jadi-satu-satunya-di-indonesia/pop-culture/
"Uji Emisi Jadi Syarat Perpanjang STNK, Jika Gagal Tidak Bisa Perpanjang dan Kena Denda",https://ussfeed.com/store-terbaru-atmos-hadirkan-otaku-room-yang-jadi-satu-satunya-di-indonesia/pop-culture/
Aksi Pencurian Aliran Listrik untuk Tambang Kripto Berimbas pada Listrik Warga Depok,https://ussfeed.com/store-terbaru-atmos-hadirkan-otaku-room-yang-jadi-satu-satunya-di-indonesia/pop-culture/
"Olah Sampah Hewan Jadi Listrik, Taman Margasatwa Ragunan Hasilkan 234Kwh Dalam Sehari",https://ussfeed.com/store-terbaru-atmos-hadirkan-otaku-room-yang-jadi-satu-satunya-di-indonesia/pop-culture/
"Usai Kebakaran Museum Nasional, Barang yang Hangus Mulai Diidentifikasi dan 21 Saksi Diperiksa",https://ussfeed.com/store-terbaru-atmos-hadirkan-otaku-room-yang-jadi-satu-satunya-di-indonesia/pop-culture/
Uji Coba Taksi Terbang di IKN Bakal Dilakukan Sebelum HUT RI Ke-79,https://ussfeed.com/store-terbaru-atmos-hadirkan-otaku-room-yang-jadi-satu-satunya-di-indonesia/pop-culture/
Wisata Gunung Bromo Kembali Dibuka Mulai 19 September,https://ussfeed.com/store-terbaru-atmos-hadirkan-otaku-room-yang-jadi-satu-satunya-di-indonesia/pop-culture/
Kate Spade Spring 2024: Pesona Musim Semi Manhattan,https://ussfeed.com/store-terbaru-atmos-hadirkan-otaku-room-yang-jadi-satu-satunya-di-indonesia/pop-culture/
Staf Kantor Pusat Disney Diminta WFH Usai Dapat Serangan Hama Tikus dan Kutu,https://ussfeed.com/store-terbaru-atmos-hadirkan-otaku-room-yang-jadi-satu-satunya-di-indonesia/pop-culture/
"Kominfo Berencana Tugaskan Ratusan Orang yang Bakal Dibayar Rp7,5 Juta untuk Monitoring Hoaks",https://ussfeed.com/store-terbaru-atmos-hadirkan-otaku-room-yang-jadi-satu-satunya-di-indonesia/pop-culture/
Elon Musk Beri Ide untuk X (Twitter) Kenakan Biaya Tiap Kali Diakses Semua Pengguna,https://ussfeed.com/store-terbaru-atmos-hadirkan-otaku-room-yang-jadi-satu-satunya-di-indonesia/pop-culture/
Album Baru Kunto Aji: Pengalaman Ekplorasi Musik yang Dipadukan Lirik yang Intim,https://ussfeed.com/store-terbaru-atmos-hadirkan-otaku-room-yang-jadi-satu-satunya-di-indonesia/pop-culture/
"Instagram Uji Coba Fitur ‘Close Friend’ pada Feed, Kontrol Lebih untuk Pengguna?",https://ussfeed.com/store-terbaru-atmos-hadirkan-otaku-room-yang-jadi-satu-satunya-di-indonesia/pop-culture/
"Penampilan yang Bawakan Unsur Tradisional, BLACKPINK Sukses Guncang Coachella 2023",https://ussfeed.com/store-terbaru-atmos-hadirkan-otaku-room-yang-jadi-satu-satunya-di-indonesia/pop-culture/
Bettergoods Luncurkan Koleksi Spring/Summer 2023 Versatile yang Bertajuk ‘In a Moment’,https://ussfeed.com/store-terbaru-atmos-hadirkan-otaku-room-yang-jadi-satu-satunya-di-indonesia/pop-culture/
"Sambut Anniversary ke-45, HAI Berkolaborasi dengan W.ESSENTIÈLS dan Luncurkan Koleksi ‘Borderless Youth’",https://ussfeed.com/store-terbaru-atmos-hadirkan-otaku-room-yang-jadi-satu-satunya-di-indonesia/pop-culture/
Rilisan Eksklusif Sonderlab dan OMO yang Terinspirasi dari Trompe l’oeil,https://ussfeed.com/store-terbaru-atmos-hadirkan-otaku-room-yang-jadi-satu-satunya-di-indonesia/pop-culture/
Gucci dan Kering Group Jatuhkan Pilihan pada Sabato De Sarno sebagai Creative Director yang Baru,https://ussfeed.com/store-terbaru-atmos-hadirkan-otaku-room-yang-jadi-satu-satunya-di-indonesia/pop-culture/
Curved Perkenalkan Diri dengan Energi Y2K,https://ussfeed.com/store-terbaru-atmos-hadirkan-otaku-room-yang-jadi-satu-satunya-di-indonesia/pop-culture/
Store Terbaru atmos Hadirkan ‘Otaku Room’ yang Jadi Satu-satunya di Indonesia,https://ussfeed.com/store-terbaru-atmos-hadirkan-otaku-room-yang-jadi-satu-satunya-di-indonesia/pop-culture/
